{
	"format_version": "1.8.0",
	"animations": {
		"catch": {
			"loop": "hold_on_last_frame",
			"animation_length": 2.5417,
			"bones": {
				"hongling": {
					"rotation": {
						"0.0": [0, -357, 0],
						"0.0417": [0, -344.00343, 0],
						"0.0833": [0, -318.09682, 0],
						"0.125": [0, -286.51668, 0],
						"0.1667": [0, -251.87911, 0],
						"0.2083": [0, -215.56666, 0],
						"0.2917": [0, -141.43334, 0],
						"0.3333": [0, -105.12089, 0],
						"0.375": [0, -70.48332, 0],
						"0.4167": [0, -38.90318, 0],
						"0.4583": [0, -12.99657, 0],
						"0.5": [0, 0, 0]
					},
					"position": {
						"0.0": [0, -37.375, 0],
						"0.0417": [0, -36.01436, 0],
						"0.0833": [0, -33.30215, 0],
						"0.125": [0, -29.99597, 0],
						"0.1667": [0, -26.3697, 0],
						"0.2083": [0, -22.56808, 0],
						"0.2917": [0, -14.80692, 0],
						"0.3333": [0, -11.0053, 0],
						"0.375": [0, -7.37903, 0],
						"0.4167": [0, -4.07285, 0],
						"0.4583": [0, -1.36064, 0],
						"0.5": [0, 0, 0]
					},
					"scale": {
						"0.0": [0, 0, 0],
						"0.0417": [0.08985, 0.08985, 0.08985],
						"0.0833": [0.35765, 0.35765, 0.35765],
						"0.1667": [1.14235, 1.14235, 1.14235],
						"0.2083": [1.41015, 1.41015, 1.41015],
						"0.25": [1.5, 1.5, 1.5],
						"0.2917": [1.52238, 1.52238, 1.52238],
						"0.3333": [1.57322, 1.57322, 1.57322],
						"0.375": [1.63896, 1.63896, 1.63896],
						"0.5": [1.86104, 1.86104, 1.86104],
						"0.5417": [1.92678, 1.92678, 1.92678],
						"0.5833": [1.97762, 1.97762, 1.97762],
						"0.625": [2, 2, 2],
						"0.6667": [1.93155, 1.93155, 1.93155],
						"0.7083": [1.68493, 1.68493, 1.68493],
						"0.75": [1.31507, 1.31507, 1.31507],
						"0.7917": [1.06845, 1.06845, 1.06845],
						"0.8333": [1, 1, 1]
					}
				},
				"LH": {
					"scale": {
						"0.125": [0, 0, 0],
						"0.4167": [1, 1, 1]
					}
				},
				"RH": {
					"scale": {
						"0.125": [0, 0, 0],
						"0.4167": [1, 1, 1]
					}
				}
			}
		}
	}
}