{
	"format_version": "1.8.0",
	"animations": {
		"catch": {
			"loop": "hold_on_last_frame",
			"animation_length": 1.5,
			"bones": {
				"bone2": {
					"position": {
						"0.0": [0, -9, 0],
						"0.25": [0, 0, 0]
					}
				},
				"thumb": {
					"rotation": {
						"0.0": [0, 0, 0],
						"0.5": [-38, 0, 0]
					},
					"position": {
						"0.0": [0, 0, 0],
						"0.5": [0, -2.8, -2]
					}
				},
				"bone3": {
					"rotation": {
						"0.0": [0, 0, 0],
						"0.75": [-21, 0, 0]
					}
				},
				"bone4": {
					"rotation": {
						"0.0": [0, 0, 0],
						"0.5": [-58.57642, 11.816, 20.35623],
						"0.75": [-86.83349, 21.12361, 26.47826]
					},
					"position": {
						"0.0": [0, 0, 0],
						"0.5": [-1.3, -4.7, -3.2],
						"0.75": [-3.8, -2.7, -8]
					}
				},
				"bone5": {
					"rotation": {
						"0.0": [0, 0, 0],
						"0.5": [0, 0, 41],
						"0.75": [0, 0, 75]
					},
					"position": {
						"0.0": [0, 0, 0],
						"0.5": [-1.8, -0.9, 0],
						"0.75": [-3.1, -0.1, 0]
					}
				},
				"bone6": {
					"rotation": {
						"0.0": [0, 0, 0],
						"0.5": [0, 0, 54],
						"0.75": [0, 0, 121]
					},
					"position": {
						"0.0": [0, 0, 0],
						"0.5": [-0.7, -0.7, 0],
						"0.75": [-4.3, -1.5, 0]
					}
				},
				"bone8": {
					"rotation": {
						"0.0": [0, 0, 0],
						"0.5": [0, 0, 77],
						"0.75": [0, 0, 139]
					},
					"position": {
						"0.0": [0, 0, 0],
						"0.5": [-4.1, -1.1, 0],
						"0.75": [-5.7, 2.7, 0]
					}
				},
				"bone7": {
					"rotation": {
						"0.0": [0, 0, 0],
						"0.5": [0, 0, 36],
						"0.75": [0, -15, 61]
					},
					"position": {
						"0.0": [0, 0, 0],
						"0.75": [-1.6, 0, 0]
					}
				},
				"bone9": {
					"rotation": {
						"0.0": [0, 0, 0],
						"0.5": [14, 0, 102],
						"0.75": [-3.14073, -6.64487, 204.99019]
					},
					"position": {
						"0.0": [0, 0, 0],
						"0.5": [-8.1, -0.3, 0],
						"0.75": [-8, 10, -0.6]
					}
				},
				"bone10": {
					"rotation": {
						"0.0": [0, 0, 0],
						"0.5": [0, 0, 68],
						"0.75": [0, -1, 136]
					},
					"position": {
						"0.0": [0, 0, 0],
						"0.5": [-2.1, 0, 0],
						"0.75": [-7.1, 2.5, -1.4]
					}
				},
				"bone11": {
					"rotation": {
						"0.0": [0, 0, 0],
						"0.5": [0, 0, 27],
						"0.75": [0, 0, 61]
					}
				},
				"bone12": {
					"rotation": {
						"0.0": [0, 0, 0],
						"0.5": [-8.50511, 1.97802, 74.70426],
						"0.75": [-16.9104, 36.52215, 127.11856]
					},
					"position": {
						"0.0": [0, 0, 0],
						"0.5": [-5.4, 0, -0.7],
						"0.75": [-7.2, 1.6, -4.2]
					}
				},
				"bone13": {
					"rotation": {
						"0.0": [0, 0, 0],
						"0.5": [-20.40164, 16.46149, 108.85407],
						"0.625": [5.53556, 27.40029, 164.76143],
						"0.75": [31.11198, 30.37516, 219.82849]
					},
					"position": {
						"0.0": [0, 0, 0],
						"0.5": [-11.3, 2.7, -2.9],
						"0.625": [-8.95, 7.8, -2.55],
						"0.6667": [-8.17, 8.7, -2],
						"0.75": [-6.6, 10.5, -3]
					}
				},
				"bone14": {
					"rotation": {
						"0.0": [0, 0, 0],
						"0.5": [0, 0, 28],
						"0.75": [-22, 0, 54]
					},
					"position": {
						"0.0": [0, 0, 0],
						"0.75": [-2.2, 0, 0.2]
					}
				},
				"bone15": {
					"rotation": {
						"0.0": [0, 0, 0],
						"0.5": [-32, 0, 70],
						"0.75": [-2.76201, 39.90446, 154.8336]
					},
					"position": {
						"0.0": [0, 0, 0],
						"0.5": [-6.2, -2.1, -1.6],
						"0.75": [-8.7, 3.4, -2.9]
					}
				},
				"bone16": {
					"rotation": {
						"0.0": [0, 0, 0],
						"0.5": [-45.21966, 14.48566, 98.9406],
						"0.75": [29.60822, 38.33243, 217.49694]
					},
					"position": {
						"0.0": [0, 0, 0],
						"0.5": [-10.7, -1.2, -4.4],
						"0.5833": [-10.06, 2.6, -2.49],
						"0.6667": [-9.43, 6.4, -2.77],
						"0.75": [-8.8, 10.2, -2.7]
					}
				}
			}
		}
	}
}