{
	"format_version": "1.8.0",
	"animations": {
		"skill": {
			"animation_length": 1.75,
			"bones": {
				"root": {
					"position": {
						"0.0": [0, 1, 0],
						"0.125": [0, 4, 0],
						"0.2917": [0, 6, 0],
						"0.5417": [0, 14, 0],
						"0.5833": [0, 17, 0],
						"1.1667": [0, 16.33, 0],
						"1.2083": [0, 18.25, 0],
						"1.25": [0, 19.83, 0],
						"1.2917": [0, 18.92, 0],
						"1.3333": [0, 20, 0],
						"1.75": [0, 19, 0]
					}
				},
				"bone10": {
					"rotation": {
						"0.625": [-22.5, 0, 0],
						"0.8333": [-10, 0, 0],
						"1.0": [-20, 0, 0],
						"1.2083": [-12.5, 0, 0]
					}
				},
				"bone11": {
					"rotation": {
						"0.0417": [0, 0, 5],
						"0.375": [0, 0, 15],
						"0.5": [0, 0, 5],
						"0.6667": [0, 0, 15],
						"0.75": [0, 0, 10],
						"0.8333": [0, 0, 5],
						"0.9583": [0, 0, 15]
					}
				},
				"bone17": {
					"rotation": {
						"0.375": [0, -10, 0],
						"0.5": [0, -17.5, 0],
						"0.625": [0, -25, 0],
						"0.7083": [0, -20, 0],
						"0.7917": [0, -15, 0],
						"0.875": [0, -7.5, 0],
						"0.9583": [0, 2.5, 0],
						"1.0417": [0, -5, 0],
						"1.125": [0, -12.5, 0],
						"1.1667": [0, -7.5, 0]
					}
				},
				"bone13": {
					"rotation": {
						"0.0417": [7.5, 0, 0],
						"0.125": [12.5, 0, 0],
						"0.2083": [17.5, 0, 0],
						"0.2917": [22.5, 0, 0],
						"0.3333": [20, 0, 0],
						"0.375": [17.5, 0, 0],
						"0.4583": [12.5, 0, 0],
						"0.5417": [5, 0, 0],
						"0.625": [12.5, 0, 0],
						"0.6667": [20, 0, 0],
						"0.7083": [15, 0, 0],
						"0.7917": [10, 0, 0]
					}
				},
				"bone8": {
					"rotation": {
						"0.2083": [-7.5, 0, 0],
						"0.25": [-12.5, 0, 0],
						"0.2917": [-17.5, 0, 0],
						"0.3333": [-32.5, 0, 0],
						"0.375": [-42.5, 0, 0],
						"0.4167": [-55, 0, 0],
						"0.7083": [-105, 0, 0],
						"0.75": [-104.96346, -7.49892, 0.13265],
						"0.7917": [-104.94499, -14.99789, 0.25795],
						"0.8333": [-102.44499, -14.99789, 0.25795],
						"0.9583": [-107.44499, -14.99789, 0.25795],
						"1.0": [-104.94499, -14.99789, 0.25795],
						"1.0417": [-109.94499, -14.99789, 0.25795]
					}
				},
				"bone19": {
					"rotation": {
						"0.125": [-12.5, 0, 0],
						"0.1667": [-22.5, 0, 0],
						"0.2083": [-37.5, 0, 0]
					}
				},
				"bone26": {
					"rotation": {
						"0.125": [-12.5, 0, 0],
						"0.1667": [-17.5, 0, 0],
						"0.2083": [-27.5, 0, 0],
						"0.25": [-40, 0, 0],
						"0.2917": [-55, 0, 0],
						"0.3333": [-65, 0, 0],
						"0.375": [-72.5, 0, 0],
						"0.4167": [-82.5, 0, 0],
						"0.4583": [-92.5, 0, 0],
						"0.5": [-97.5, 0, 0],
						"0.5417": [-92.5, 0, 0],
						"0.625": [-105, 0, 0],
						"0.7083": [-117.5, 0, 0],
						"0.75": [-115, 0, 0],
						"0.7917": [-110, 0, 0],
						"0.8333": [-115, 0, 0],
						"0.875": [-117.5, 0, 0],
						"0.9167": [-115, 0, 0],
						"0.9583": [-112.5, 0, 0],
						"1.0": [-115, 0, 0],
						"1.0417": [-110, 0, 0]
					}
				},
				"bone27": {
					"rotation": {
						"0.0417": [-7.5, 0, 0],
						"0.0833": [-20, 0, 0],
						"0.125": [-40, 0, 0],
						"0.1667": [-57.5, 0, 0]
					}
				},
				"bone4": {
					"rotation": {
						"0.625": [-30, 0, 0],
						"0.9583": [-22.5, 0, 0],
						"1.25": [-35, 0, 0],
						"1.75": [-22.5, 0, 0]
					}
				},
				"bone21": {
					"rotation": {
						"0.0": [5, 0, 0],
						"0.125": [12.5, 0, 0],
						"0.25": [5, 0, 0],
						"0.3333": [5, 0, 0],
						"0.4167": [-5, 0, 0],
						"0.5": [2.5, 0, 0],
						"0.5833": [-5, 0, 0],
						"0.6667": [-10, 0, 0],
						"0.75": [-2.5, 0, 0],
						"0.7917": [-7.5, 0, 0],
						"0.875": [-12.5, 0, 0],
						"0.9583": [-5, 0, 0],
						"1.0417": [2.5, 0, 0],
						"1.125": [-2.5, 0, 0],
						"1.1667": [-7.5, 0, 0],
						"1.25": [-12.5, 0, 0],
						"1.2917": [-7.5, 0, 0],
						"1.375": [-5, 0, 0],
						"1.4167": [-7.5, 0, 0],
						"1.4583": [-10, 0, 0],
						"1.5": [-15, 0, 0],
						"1.5417": [-17.5, 0, 0],
						"1.5833": [-12.5, 0, 0],
						"1.625": [-7.5, 0, 0],
						"1.6667": [-10, 0, 0],
						"1.7083": [-15, 0, 0]
					}
				},
				"bone29": {
					"rotation": {
						"0.0": [0, 0, 0],
						"0.0833": [5, 0, 0],
						"0.1667": [15, 0, 0],
						"0.25": [7.5, 0, 0],
						"0.3333": [0, 0, 0],
						"0.5417": [7.5, 0, 0],
						"0.6667": [15, 0, 0],
						"0.75": [7.5, 0, 0],
						"0.8333": [0, 0, 0],
						"0.875": [10, 0, 0],
						"0.9583": [12.5, 0, 0],
						"1.0": [7.5, 0, 0],
						"1.0833": [2.5, 0, 0],
						"1.1667": [-2.5, 0, 0],
						"1.25": [0, 0, 0],
						"1.3333": [5, 0, 0],
						"1.4167": [7.5, 0, 0],
						"1.5": [0, 0, 0],
						"1.5833": [-5, 0, 0]
					}
				}
			}
		},
		"attack": {
			"animation_length": 1.8333,
			"bones": {
				"root": {
					"rotation": {
						"0.0": [-25, 0, 0],
						"0.9583": [-37.5, 0, 0],
						"1.25": [-8, 0, 0],
						"1.375": [-2.5, 0, 0]
					},
					"position": [0, 5, 0]
				},
				"bone2": {
					"rotation": [32.5, 0, 0]
				},
				"bone10": {
					"rotation": {
						"0.1667": [7.5, 0, 0],
						"0.25": [12.5, 0, 0],
						"0.3333": [15, 0, 0],
						"1.0833": [2.5, 0, 0],
						"1.2083": [-10, 0, 0],
						"1.3333": [-15, 0, 0],
						"1.4167": [-20, 0, 0]
					}
				},
				"bone26": {
					"rotation": {
						"0.25": [-10, 0, 0],
						"0.3333": [-67.5, 0, 0],
						"0.4167": [-90, 0, 0],
						"0.4583": [-124.98247, -0.85481, -2.34941],
						"0.5417": [-162.5, 0, 0],
						"0.75": [-125, 0, 0],
						"1.0": [-139.24027, -16.32555, -22.44031],
						"1.5": [-92.18644, -1.17495, -10.81441],
						"1.6667": [-72.5, 0, 0],
						"1.8333": [-42.5, 0, 0]
					}
				},
				"bone27": {
					"rotation": {
						"0.375": [-20, 0, 0],
						"0.75": [-45, 0, 0],
						"1.0": [-46.78082, -13.99545, 14.43276],
						"1.375": [-26.78082, -13.99545, 14.43276],
						"1.75": [37.5, 0, 0]
					}
				},
				"bone4": {
					"rotation": {
						"0.1667": [6.67, 0, 0],
						"0.5": [25, 0, 0],
						"0.5417": [4.86, 0, 0],
						"0.6667": [-1.05, 0, 0],
						"0.75": [-0.83, 0, 0],
						"0.875": [-5, 0, 0],
						"0.9583": [-9.07532, 4.39975, 2.37768],
						"1.0": [-11.17786, -3.42455, -1.54025],
						"1.0417": [-13.22383, -4.56258, -2.05522],
						"1.0833": [-15.30522, -4.59657, -1.97249],
						"1.125": [-17.5, 0, 0],
						"1.25": [0, 0, 0],
						"1.3333": [5, 0, 0]
					}
				},
				"bone7": {
					"rotation": {
						"0.5": [0, 0, 25],
						"0.7917": [0, 0, 7.5],
						"1.0833": [-7.5, 0, 20],
						"1.7917": [-27.5, 0, 20]
					}
				}
			}
		},
		"idle": {
			"animation_length": 2.7083,
			"bones": {
				"root": {
					"position": {
						"0.0": [0, 0, 0],
						"1.5": [0, 2, 0],
						"2.7083": [0, 0, 0]
					}
				},
				"bone7": {
					"rotation": {
						"0.0": [7.5, 0, 17.5],
						"1.5": [5, 0, 0],
						"2.7083": [-2.5, 0, 0]
					}
				}
			}
		},
		"walk": {
			"animation_length": 2,
			"bones": {
				"bone7": {
					"rotation": {
						"0.0": [0, 0, 0],
						"1.0": [0, 0, 30],
						"2.0": [0, 0, 2.5]
					}
				},
				"bone11": {
					"rotation": {
						"0.0": [0, 0, 0],
						"1.0": [15, 0, 0]
					}
				},
				"bone17": {
					"rotation": {
						"0.0": [0, 0, 0],
						"1.0": [15, 0, 0]
					}
				},
				"bone13": {
					"rotation": {
						"0.0": [0, 0, 0],
						"1.0": [15, 0, 0]
					}
				}
			}
		}
	}
}